title,company,location,posted_since,skills
Flutter Developer,Confidential -,"Aldarb Alahmar, Cairo, Egypt ",2 days ago,Full TimeExperienced  4 - 7 Yrs of Exp  IT/Software Development  flutter  developer
Senior Flutter Mobile Developer - Saudi Arabia Remotly,Alexandria For Programming -,"Riyadh, Saudi Arabia ",2 days ago,Full TimeWork From HomeExperienced  3+ Yrs of Exp  IT/Software Development  Engineering - Telecom/Technology  Android  Agile  Computer Science  APIs  flutter  Information Technology (IT)  Git  Mobile Development
Sr. Flutter Developer,Ashtar.app -,"Maadi, Cairo, Egypt ",3 days ago,Full TimeExperienced  3 - 7 Yrs of Exp  IT/Software Development  Engineering - Telecom/Technology  Android  iOS  flutter  Git  APIs  Design  Computer Science  Information Technology (IT)
Flutter Developer,microtec -,"Nasr City, Cairo, Egypt ",2 days ago,Full TimeExperienced  3 - 6 Yrs of Exp  IT/Software Development  Engineering - Telecom/Technology  Software Development  Mobile Development  Flutter  Information Technology (IT)  Computer Science  RESTful  Development  Design
Sr. Flutter Developer,Troylab -,"Cairo, Egypt ",12 days ago,Full TimeWork From HomeExperienced  4+ Yrs of Exp  IT/Software Development  Engineering - Telecom/Technology  iOS  Android  flutter  AWS  Computer Science  Dart  Development  English
Flutter Developer,justagain -,"New Cairo, Cairo, Egypt ",9 days ago,Full TimeExperienced  3+ Yrs of Exp  IT/Software Development  Engineering - Telecom/Technology  Computer Science  flutter  Information Technology (IT)  Engineering  APIs  Git  iOS  JSON
Senior Flutter Developer,Algoriza -,"Nasr City, Cairo, Egypt ",9 days ago,Full TimeWork From HomeExperienced  3+ Yrs of Exp  IT/Software Development  Engineering - Telecom/Technology  Software Development  Information Technology (IT)  Programming  Software Engineering  Computer Science  Design  APIs  Android
Senior Flutter Developer (Android/IOS/Web),QARA -,"New Cairo, Cairo, Egypt ",12 days ago,Full TimeWork From HomeExperienced  4 - 7 Yrs of Exp  IT/Software Development  Engineering - Telecom/Technology  flutter  Agile  Software  Computer Science  Engineering  Information Technology (IT)  Git  Java
Mid-Level Flutter Developer (Android/IOS/Web),QARA -,"New Cairo, Cairo, Egypt ",12 days ago,Full TimeWork From HomeExperienced  2 - 4 Yrs of Exp  IT/Software Development  Engineering - Telecom/Technology  flutter  Computer Science  Software Development  Agile  Engineering  Information Technology (IT)  Git  JSON
Senior Flutter Developer,Qmind -,"Nozha, Cairo, Egypt ",19 days ago,Full TimeExperienced  4+ Yrs of Exp  IT/Software Development  Engineering - Telecom/Technology  App Store  Applications  Computer Science  Information Technology (IT)  Software Development  Flutter  Telecom Engineering
Flutter Developer,Refilex -,"Dokki, Giza, Egypt ",19 days ago,Full TimeExperienced  2+ Yrs of Exp  IT/Software Development  Engineering - Telecom/Technology  Computer Science  flutter  Information Technology (IT)  React  Software Development  mobile application  Android Development  iOS Development
Senior Flutter Mobile Developer,Confidential -,"Heliopolis, Cairo, Egypt ",19 days ago,Full TimeExperienced  2+ Yrs of Exp  IT/Software Development  Engineering - Telecom/Technology  Computer Science  Android  flutter  Software Development  Information Technology (IT)  iOS  Design  Engineering
Lead Flutter Mobile Developer,Confidential -,"Heliopolis, Cairo, Egypt ",19 days ago,Full TimeExperienced  5+ Yrs of Exp  IT/Software Development  Engineering - Telecom/Technology  flutter  Android  Mobile Development  Information Technology (IT)  Computer Science  Engineering  Design  Software Development
Flutter Software Developer,Lun Development -,"Nasr City, Cairo, Egypt ",17 days ago,Full TimeExperienced  3+ Yrs of Exp  IT/Software Development  Engineering - Telecom/Technology  Android  APIs  Software Development  Computer Science  Mobile Development  Git  Information Technology (IT)  Engineering
Senior Flutter Developer,Evolvice GmbH -,"Maadi, Cairo, Egypt ",30 days ago,Full TimeExperienced  5 - 10 Yrs of Exp  IT/Software Development  Engineering - Telecom/Technology  Computer Science  Development  English  flutter development  flutter  Software Development  Information Technology (IT)  Software Engineering
